{
    "juapruebamirrorandar": {
        "Version": "1.10.1822.1",
        "Scene": {
            "Name": true,
            "SupportShaderSelect": true
        },
        "Export Directory": "D:/FUNKO",
        "Object": {
            "juapruebamirrorandar": {
                "Generation": "AccuRig",
                "Physics": {},
                "Meshes": {
                    "imagetostl_mesh0_004": {
                        "Materials": {
                            "nEGRO_Pbr": {
                                "Material Type": "Pbr",
                                "MultiUV Index": 0,
                                "Two Side": true,
                                "Diffuse Color": [
                                    0.0,
                                    0.0,
                                    0.0
                                ],
                                "Ambient Color": [
                                    12.973380088806153,
                                    12.973380088806153,
                                    12.973380088806153
                                ],
                                "Specular Color": [
                                    0.0,
                                    0.0,
                                    0.0
                                ],
                                "Opacity": 1.0,
                                "Self Illumination": 0.0,
                                "Textures": {}
                            },
                            "CARNE_Pbr": {
                                "Material Type": "Pbr",
                                "MultiUV Index": 0,
                                "Two Side": true,
                                "Diffuse Color": [
                                    204.17518615722657,
                                    111.0757064819336,
                                    53.7234001159668
                                ],
                                "Ambient Color": [
                                    12.973380088806153,
                                    12.973380088806153,
                                    12.973380088806153
                                ],
                                "Specular Color": [
                                    204.17518615722657,
                                    111.0757064819336,
                                    53.7234001159668
                                ],
                                "Opacity": 1.0,
                                "Self Illumination": 0.0,
                                "Textures": {}
                            },
                            "nada_Pbr": {
                                "Material Type": "Pbr",
                                "MultiUV Index": 0,
                                "Two Side": true,
                                "Diffuse Color": [
                                    204.0,
                                    204.0,
                                    204.0
                                ],
                                "Ambient Color": [
                                    12.973380088806153,
                                    12.973380088806153,
                                    12.973380088806153
                                ],
                                "Specular Color": [
                                    204.0,
                                    204.0,
                                    204.0
                                ],
                                "Opacity": 1.0,
                                "Self Illumination": 0.0,
                                "Textures": {}
                            },
                            "Material_Pbr": {
                                "Material Type": "Pbr",
                                "MultiUV Index": 0,
                                "Two Side": true,
                                "Diffuse Color": [
                                    87.09805297851563,
                                    43.854644775390628,
                                    6.752655029296875
                                ],
                                "Ambient Color": [
                                    12.973380088806153,
                                    12.973380088806153,
                                    12.973380088806153
                                ],
                                "Specular Color": [
                                    87.09805297851563,
                                    43.854644775390628,
                                    6.752655029296875
                                ],
                                "Opacity": 1.0,
                                "Self Illumination": 0.0,
                                "Textures": {}
                            },
                            "sudadera_Pbr": {
                                "Material Type": "Pbr",
                                "MultiUV Index": 0,
                                "Two Side": true,
                                "Diffuse Color": [
                                    4.238100051879883,
                                    4.238100051879883,
                                    4.238100051879883
                                ],
                                "Ambient Color": [
                                    12.973380088806153,
                                    12.973380088806153,
                                    12.973380088806153
                                ],
                                "Specular Color": [
                                    4.238100051879883,
                                    4.238100051879883,
                                    4.238100051879883
                                ],
                                "Opacity": 1.0,
                                "Self Illumination": 0.0,
                                "Textures": {}
                            },
                            "baggy_Pbr": {
                                "Material Type": "Pbr",
                                "MultiUV Index": 0,
                                "Two Side": true,
                                "Diffuse Color": [
                                    5.606685161590576,
                                    41.804954528808597,
                                    81.93761444091797
                                ],
                                "Ambient Color": [
                                    12.973380088806153,
                                    12.973380088806153,
                                    12.973380088806153
                                ],
                                "Specular Color": [
                                    5.606685161590576,
                                    41.804954528808597,
                                    81.93761444091797
                                ],
                                "Opacity": 1.0,
                                "Self Illumination": 0.0,
                                "Textures": {}
                            },
                            "suela_Pbr": {
                                "Material Type": "Pbr",
                                "MultiUV Index": 0,
                                "Two Side": true,
                                "Diffuse Color": [
                                    49.368507385253909,
                                    29.81995391845703,
                                    1.2288450002670289
                                ],
                                "Ambient Color": [
                                    12.973380088806153,
                                    12.973380088806153,
                                    12.973380088806153
                                ],